Gene,UniProt code,Amino acid change,"CLI","StructureDCA","AlphaMissense","SaProt","RSALOR","CADD","FiTMuSiC","ESM2","VEST3","VenusREM","MutationAssessor","Polyphen-2","PROVEAN","ProSST","DANN","fathmm-MKL","SIFT"
ABCB4,P21439,A737V,44,0.706451,0.2321,-2.734913538917985,0.1268594902593326,0.547,0.561,-4.812869012355804,0.16,-0.9279804229736328,0.47,0.777,-1.8,-4.602615535259247,0.862,0.246,0.064
ABCB4,P21439,A364V,54.5,4.876013,0.6311,-8.095834686637241,5.188596886048799,4.944,0.4232,-7.781964242458343,0.875,-1.980556964874268,2.99,0.924,-4.31,-8.752443607896566,0.989,0.995,0
ABCB4,P21439,A1193T,54.5,6.519121,0.8622,-8.222331368629634,7.70277381065983,7.141,0.1068,-10.08051347732544,0.802,-1.836785078048706,3.425,0.997,-2.61,-8.167283899150789,0.998,0.989,0.002
ABCB4,P21439,F357L,71,2.368876,0.8391,-2.4559342991735025,1.529572328926946,3.656,0.4423,-1.7518260478973389,0.641,-1.0362861156463623,2.165,0.701,-5.02,-5.055622290819883,0.985,0.977,0.032
ABCB4,P21439,T715I,71,0.309734,0.1312,0.0853458387911481,0.2899359337842047,4.475,0.6949,-3.204907178878784,0.692,-0.6105530261993408,2.215,0.979,-3.51,-3.0058741569519043,0.991,0.88,0.093
ABCB4,P21439,V475A,86,6.065543,0.8326,-6.446655403731331,8.11809635391238,5.493,0.1891,-7.786419630050659,0.978,-2.5196653604507446,3.43,1,-5.98,-9.446728222072124,0.997,0.99,0
ABCB4,P21439,A286V,100,3.180303,0.6939,-5.853578065957034,3.374790340424945,6.696,0.3339,-6.864256918430328,0.926,-0.9052700996398926,3.505,1,-5.28,-3.9381417632102966,0.998,0.989,0
ABCC11,Q96J66,G180R,7.5,5.054549,0.8585,-10.091871942242372,5.67390347704178,6.305,0.0195,-8.540006399154663,0.629,-2.794206142425537,2.475,1,-6.69,-13.530567526817322,0.992,0.86,0
ABCC11,Q96J66,T546M,31.5,3.424308,0.0921,-1.5022673014260437,1.7718099584749551,4.311,0.2976,-5.430195361375809,0.474,-1.4281930923461914,2.7,0.977,-2.96,-6.885012596845627,0.972,0.127,0.005
ABCC11,Q96J66,R19H,91.5,0.017673,0.0866,0.0286706793690847,-0.0099940133182542,0.831,0.8146,-4.002715766429901,0.158,-0.6373171806335449,-1.78,0,1.18,-3.185199737548828,0.696,0.005,1
ABCC11,Q96J66,A317E,91.5,-1.363404,0.0789,1.237203489633074,-1.798239385023728,2.686,1.0008,-2.428225338459015,0.134,-1.337829351425171,0,0.008,-0.18,-6.698858380317688,0.994,0.268,0.016
ABCC11,Q96J66,V648I,100,2.400452,0.0741,-2.226562074005237,2.5864884866033635,4.835,0.4717,-5.035071134567261,0.792,0.0144195556640625,1.27,1,-3.58,0.7599592208862305,0.993,0.161,0.003
ABCC11,Q96J66,H1344R,103,-6.202726,0.0479,5.6972954528934405,-4.061588912391581,2.401,1.2317,1.8886651992797847,0.278,0.7847580909729004,1.02,0.037,-1.73,2.51662477850914,0.925,0.738,0.006
ABCC2,Q92887,N1244K,19,3.140681,0.8463,-6.644885356800305,2.0725978882228424,5.29,0.4519,-7.473470211029053,0.501,-2.777266025543213,2.73,0.908,-0.96,-13.74028541892767,0.985,0.551,0.024
ABCC2,Q92887,R1174H,55,6.003417,0.3736,-3.763071783099,5.288284287248784,5.01,0.3641,-8.644092679023743,0.779,-1.4244260787963867,3.47,0.956,-4.64,-5.058867942541838,0.999,0.96,0.007
ABCC2,Q92887,R353H,66,1.199144,0.0665,-1.301098350161642,0.3994997248585623,1.078,0.7214,-4.502816677093506,0.034,-0.7276716232299805,1.35,0.02,-0.58,-3.546862006187439,0.917,0.052,0.123
ABCC2,Q92887,D333G,76.5,5.229629,0.9155,-8.754534379580425,4.121854389256576,4.948,0.3103,-10.180969029664992,0.963,-0.6152524948120117,2.72,1,-5.94,-2.240431070327759,0.998,0.986,0.007
ABCC2,Q92887,T486I,82.5,1.030882,0.119,-2.1645524952314967,0.6500456171417438,1.389,0.6435,-4.375893473625183,0.197,-0.4933321475982666,0.625,0.01,-2.96,-2.3071982860565186,0.987,0.326,0.011
ABCC2,Q92887,P1291L,83.5,1.946195,0.0681,-4.030685263302617,1.8326849066254527,5.566,0.342,-5.509791702032089,0.276,-1.174971580505371,2,0.997,-5.96,-4.667643487453461,0.998,0.942,0.017
ABCC2,Q92887,G921S,86,0.764122,0.0689,2.7648477974095496,0.1611689350138826,-0.262,0.828,-0.7492314577102661,0.033,-0.5580508708953857,-0.385,0,0.31,-2.657279878854752,0.388,0.002,0.54
ABCC2,Q92887,V1188E,92.5,-2.207878,0.0717,2.9444326127805485,-0.6571766212796929,-1.21,0.8578,-0.6905097961425781,0.096,-0.3527207374572754,-0.875,0,0.71,-1.9427590370178225,0.169,0.087,0.969
ABCC2,Q92887,R1181L,95.5,3.880231,0.3307,-3.017645932498008,2.757875957740332,6.505,0.3949,-5.160442352294922,0.655,-0.887570858001709,3.165,1,-4.98,-3.4192053079605103,0.998,0.966,0.004
ABCC2,Q92887,I1036T,107.5,2.440824,0.1545,-2.2895035120621694,1.6576749012492946,2.049,0.5618,-6.084562301635742,0.316,-1.0720911026000977,1.985,0.316,-3.23,-4.893568262457848,0.946,0.491,0.023
ABCC2,Q92887,I670T,109,2.989251,0.1248,-3.593433040074944,2.3053622436286063,3.301,0.5401,-6.188547968864441,0.129,-1.3711388111114502,1.355,0.061,-2.78,-6.647258996963501,0.992,0.981,0.001
CES1,P23141,G142E,3.5,8.460067,0.939,-9.879851568974264,7.231025471698995,5.124,0.2569,-10.318825334310532,0.879,-2.8498189449310303,4.73,1,-8.57,-10.811448703010685,0.996,0.987,0
CES1,P23141,R171C,4.5,8.183156,0.8527,-11.873880895441417,7.772739970977698,5.253,0.2387,-11.158097088336945,0.882,-2.8826444149017334,4.735,1,-5.5,-10.863387990073534,0.996,0.764,0
CES1,P23141,G147C,5,7.810246,0.8722,-10.848108836611276,8.232211242561764,4.929,0.2011,-9.779869556427002,0.821,-3.3859840631484985,3.98,1,-5.57,-13.562194586858825,0.998,0.95,0.001
CES1,P23141,E220G,21.5,5.011497,0.4499,-5.2185175742168,4.4187505840338,2.603,0.3762,-7.909142374992371,0.682,-1.582388401031494,4.35,0.818,-4.87,-6.1491449773311615,0.995,0.844,0.039
CES1,P23141,Q169P,42.5,6.76886,0.7895,-9.788235852335731,5.403055836308575,4.08,0.2956,-7.703984498977661,0.756,-1.6385283470153809,3.735,0.993,-3.84,-7.460396766662598,0.997,0.949,0
CES1,P23141,G173D,53,3.804361,0.7744,-6.12442666331658,5.766269221054401,5.455,0.2823,-6.640037328004837,0.92,-3.2475008964538574,4.64,1,-8.22,-13.399479151943524,0.996,0.962,0
CES1,P23141,T290M,58,6.000246,0.1937,-7.367892654579753,2.6130391779966096,5.544,0.4095,-9.324809312820436,0.41,-1.3485934734344482,2.14,0.999,-4.79,-6.412204012274742,0.988,0.885,0.001
CES1,P23141,R199H,59.5,1.087507,0.078,-0.7286251895323057,1.1869314281931995,3.381,0.7466,-5.23188591003418,0.391,-1.099193811416626,2.63,0.482,-4.39,-4.6090617179870605,0.964,0.107,0.044
CES1,P23141,A158V,77,3.645572,0.2478,-4.296068485419313,2.91835699026186,4.926,0.537,-7.024232387542725,0.615,-2.0022449493408203,3.9,0.988,-2.24,-8.215170809999108,0.997,0.93,0.001
CES1,P23141,A269S,104.5,2.826414,0.1885,-6.401673262846923,3.6523106763225615,4.355,0.493,-6.966711521148682,0.203,-1.4495840072631836,2.76,0.966,-3.15,-5.948711918666959,0.989,0.773,0.015
CES1,P23141,S75N,134,0.561121,0.073,-2.3841512635620745,0.5082696885406206,1.122,0.732,-4.454440653324127,0.127,-0.6349680423736572,2.55,0.993,-3.25,-2.787781774997711,0.979,0.031,0
CYP11B1,P15538,P94L,0.05,4.744844,0.3187,-8.831826705486066,5.355198781266824,24.7,0.0458,-8.947379350662231,0.561,-2.0169148445129395,3.085,1,-6.88,-9.487838764674962,0.986,0.934,0
CYP11B1,P15538,A368D,1.17,7.446653,0.9198,-11.883784208174006,7.662144850969978,24.1,0.0408,-14.766770839691162,0.439,-3.7429957389831534,0.49,0.759,-3.03,-18.34113198518753,0.999,0.971,0.469
CYP17A1,P05093,G162R,83,3.538407,0.4446,-5.641448573670858,2.4617104139168258,3.912,0.3291,-8.239025712013245,0.356,-1.6385600566864014,2.2,0.721,-4.78,-7.268650149926543,0.995,0.371,0.104
CYP1A2,P05177,P42R,0,4.967835,0.4408,-10.392243902826486,6.854759573138648,24.6,0.2026,-12.309900045394896,0.417,-1.756943702697754,3.945,0.999,-3.91,-7.26348876953125,0.997,0.9,0.022
CYP1A2,P05177,R377Q,0,7.162459,0.7216,-10.95029215890539,7.651289865381171,35,0.3658,-10.468602299690248,0.952,-3.3487504720687866,4.285,0.942,-3.43,-13.215167642840242,0.999,0.992,0.001
CYP1A2,P05177,R431W,0,9.80123,0.5229,-11.523899039692951,8.442845516618842,29.9,0.2061,-9.884829223155975,0.974,-3.91768479347229,4.79,1,-6.58,-16.589427114151476,0.999,0.926,0
CYP1A2,P05177,R456H,0,5.181691,0.4348,-10.53412867872639,7.092105285603414,28.8,0.498,-8.504886627197266,0.926,-1.5929718017578125,4.275,0.999,-3.84,-5.083882142789662,0.999,0.992,0
CYP1A2,P05177,I386F,7,3.838256,0.4907,-5.101779046408329,4.372033404565519,25.3,0.5081,-10.538344860076904,0.853,-1.516268968582153,2.95,0.9,-3.39,-6.759546428918839,0.984,0.966,0.001
CYP1A2,P05177,F186L,16,3.657827,0.8541,-5.263585449046386,2.634666180003053,22.5,0.4546,-7.912516951560974,0.384,-0.8100457191467285,2.695,1,-4.52,-3.3628340363502502,0.971,0.1,0.013
CYP1A2,P05177,T83M,54,2.355005,0.1075,-1.258948358827827,1.6853944736705462,23.4,0.5791,-3.547584094107151,0.149,-0.9582240581512452,2.54,1,-1.71,-4.66407310962677,0.995,0.099,0.065
CYP1A2,P05177,S212C,65.5,2.572033,0.1177,-2.341937749756308,1.1054573091098836,2.466,0.5368,-6.914991140365601,0.183,-0.9557099342346193,1.87,0.438,-2.99,-4.6170676946640015,0.968,0.188,0.001
CYP1A2,P05177,D348N,71.5,6.304526,0.4804,-5.567698900049404,4.498816169018303,23.9,0.4624,-8.21528422832489,0.125,-1.7196505069732666,2.93,0.043,-3.42,-6.600592855364084,0.994,0.913,0.013
CYP1A2,P05177,G299S,73.5,0.586263,0.085,-5.109329023967127,0.5982159819791062,5.848,0.629,-3.546344757080078,0.059,-1.6255977153778076,0.165,0.026,0.51,-7.948115307139233,0.709,0.033,0.282
CYP1A2,P05177,E168Q,81,2.720042,0.2799,-5.03843213604999,4.6746653861080825,25.1,0.5236,-8.709954977035522,0.508,-1.21050763130188,3.395,0.979,-2.3,-4.649327710270882,0.998,0.997,0.017
CYP1A2,P05177,F21L,88.5,0.408985,0.4034,0.9061428220767644,0.5058406352825542,24.4,0.5961,-3.216667413711548,0.21,-0.5377402305603027,0.805,0.999,-2.33,-2.655267119407654,0.998,0.87,0.207
CYP1A2,P05177,C406Y,102,5.033994,0.5472,-6.386071173214347,4.976485999769709,14.07,0.3437,-9.423753023147585,0.412,-0.3155388832092285,2.715,0.178,-9.03,-1.3510138988494873,0.645,0.951,0.004
CYP1A2,P05177,T395M,115.5,2.68009,0.0989,-4.056292916643386,1.92792670999419,23.3,0.5612,-6.04204586148262,0.117,-0.8284797668457031,2.505,0.716,-1.71,-3.4091992378234863,0.996,0.055,0.018
CYP1A2,P05177,R510Q,132.5,1.535175,0.0816,-2.22757458198846,0.9108924108644664,12.33,0.7143,-4.535006284713745,0.074,-0.8290650844573975,0.205,0.004,-0.07,-3.963780105113983,0.936,0.019,0.438
CYP1A2,P05177,D436N,212.5,3.171384,0.0962,-4.760654392700945,0.5161780838465644,0.133,0.7619,-6.670133113861084,0.021,-1.1600730419158936,0.93,0.001,-1.96,-5.423902317881584,0.722,0.092,0.307
CYP1A2,P05177,T438I,506,3.844988,0.1478,-6.661181950431497,1.5313059336693835,3.521,0.4899,-5.967890817672014,0.119,-0.532660722732544,2.76,0.365,-2.67,-2.3680845499038696,0.985,0.156,0.021
CYP1B1,Q16678,G329S,0,3.413819,0.6583,-5.103620986148903,3.752888888113269,34,0.4867,-8.154037237167358,0.883,-0.9488468170166016,3.665,1,"ND",-4.3045079708099365,0.998,0.972,"ND"
CYP1B1,Q16678,G61E,0,6.892844,0.9839,-13.28332505686858,8.447998065195984,24.5,0.1251,-12.531830191612244,0.98,-2.9941139221191406,4.02,1,"ND",-13.106526499817846,0.994,0.962,"ND"
CYP1B1,Q16678,E387K,0,8.507157,0.9508,-10.636373205250994,7.88605197800889,40,0.2647,-10.391665607690811,"ND",-3.658547878265381,"ND","ND","ND",-14.77006375892961,0.998,0.964,"ND"
CYP1B1,Q16678,Y81N,5,6.946135,0.6213,-10.324134828309733,6.80024316179869,16.45,0.1791,-12.613879442214966,0.505,-2.506211280822754,2.545,0.73,"ND",-10.853624329902232,0.981,0.933,"ND"
CYP1B1,Q16678,D291G,20,5.359423,0.7589,-5.897409282003269,5.1951701499770255,26,0.3355,-6.334561347961426,0.886,-2.5387520790100098,3.755,0.91,"ND",-11.104760652291588,0.994,0.936,"ND"
CYP1B1,Q16678,Q144R,42.5,2.454848,0.2293,-1.301477276674326,-0.0894501957776308,17.43,0.5981,-5.00135064125061,0.873,-0.3057179450988769,2.33,0.95,"ND",-1.0348989367485046,0.984,0.733,"ND"
CYP1B1,Q16678,D530G,45,3.391543,0.1211,-5.933748171744114,2.59949389711733,22.6,0.437,-3.944881498813629,0.529,-1.3282930850982666,2.075,0.032,"ND",-6.564520999789238,0.98,0.87,"ND"
CYP1B1,Q16678,F445C,77.5,7.876215,0.9595,-11.13435315720248,9.513516436527809,27.6,0.0809,-11.08409035205841,0.999,-3.0892879962921143,4.305,1,"ND",-12.678226807154717,0.999,0.969,"ND"
CYP1B1,Q16678,V409F,85,2.289849,0.3109,-6.382302427773906,0.7800145577879971,0.004,0.5935,-5.584689021110535,0.074,-0.8889219760894775,-0.225,0.001,"ND",-4.341206341981888,0.69,0.092,"ND"
CYP21A2,P08686,G291R,0,6.412716,0.97,-9.647001787759857,5.012125902875445,26,0.305,-11.436352491378784,0.95,-2.0705482959747314,2.195,1,-4.14,-9.763430416584017,0.999,0.947,0.001
CYP21A2,P08686,I172N,0,5.915961,0.9124,-8.560225941445665,5.624210985668366,29.6,0.1683,-9.821471214294434,0.78,-2.168036460876465,3.35,1,-4.85,-9.719232179224491,0.994,0.951,0.012
CYP21A2,P08686,T450P,0,5.464373,0.6373,-8.644759107461638,4.858531715889308,23.6,0.2854,-9.514268398284912,0.699,-2.7300446033477783,2.105,0.761,-2.81,-13.150136649608612,0.996,0.294,0.012
CYP21A2,P08686,W302R,0.000345,6.296485,0.9912,-9.71062856138829,8.965248400673527,24.4,0.0284,-11.79110461473465,0.954,-3.3377604484558105,3.83,1,-12.1,-14.281676575541496,0.995,0.91,0
CYP21A2,P08686,G291C,0.00047,6.619922,0.9361,-10.788646461990368,5.012125902875445,26.5,0.2801,-10.985337972640991,0.917,-1.8160455226898196,3.09,1,-4.21,-8.488879978656769,0.997,0.973,0.002
CYP21A2,P08686,L107R,0.000495,5.505867,0.9219,-9.248931420738693,6.278607391249529,23.6,0.2506,-12.577895164489746,0.871,-2.268441677093506,2.095,0.984,-3.9,-11.052472054958344,0.996,0.534,0.001
CYP21A2,P08686,P30Q,0.0006,6.372169,0.8142,-13.515604523294954,6.926658639690035,26.6,0.1199,-6.713087797164917,0.651,-2.004483699798584,2.915,0.994,-3.28,-8.784421210177243,0.988,0.787,0.024
CYP21A2,P08686,I171N,0.01455,3.726177,0.8555,-7.377123568539488,6.205690183952484,29.7,0.2727,-9.83982241153717,0.761,-2.5928850173950195,2.655,0.966,-5.13,-12.377487063407898,0.994,0.752,0.001
CYP21A2,P08686,R356W,0.04205,5.018802,0.5179,-11.58433710565737,4.884406582648724,34,0.3355,-9.372249603271484,0.768,-1.073411226272583,2.55,0.999,-6.53,-4.729905962944031,0.999,0.42,0
CYP21A2,P08686,G64E,0.0855,7.177481,0.9235,-13.042986963536578,5.289192539222174,24.3,0.1255,-12.28103494644165,0.924,-2.489630699157715,3.305,0.991,-5.09,-11.168764190282673,0.997,0.964,0.002
CYP21A2,P08686,L445P,0.25,7.49657,0.9825,-12.550296829561717,7.7158643106242195,27.3,0.0931,-13.163668155670166,0.898,-3.8717081546783447,3.78,1,-5.75,-17.53496114909649,0.999,0.948,0
CYP21A2,P08686,G291S,0.415,4.346077,0.8665,-7.019575962910839,3.719880718219884,26.5,0.4741,-9.529277086257936,0.909,-1.133631467819214,2.545,1,-2.41,-5.096487820148468,0.999,0.97,0.008
CYP21A2,P08686,R426H,0.45,5.691507,0.8934,-8.734087715357932,4.965425645444356,25.9,0.4636,-8.014901161193848,0.855,-1.5546667575836182,2.96,1,-4.32,-4.818626464344561,0.999,0.888,0.001
CYP21A2,P08686,R341P,0.7,5.585579,0.4675,-10.190987388875875,3.919610838082837,29.6,0.2885,-10.309695720672607,0.756,-2.5516319274902344,2.29,0.966,-2.77,-12.052816484123468,0.997,0.465,0.038
CYP21A2,P08686,L388R,1.1,6.573803,0.9205,-10.72164138035287,7.35329651710279,26.5,0.2495,-14.096709728240969,0.898,-3.091843366622925,2.465,0.992,-4.92,-14.184917867183684,0.998,0.898,0.001
CYP21A2,P08686,R408C,1.435,8.4053,0.715,-10.42869081863413,9.079862664092015,32,0.1607,-9.3431596159935,0.941,-3.2537108659744263,3.185,0.696,-6.86,-13.167621854467145,0.999,0.729,0.02
CYP21A2,P08686,T295N,1.876,5.98165,0.915,-9.008407087374122,7.31550991462255,25.5,0.4092,-10.705954730510712,0.685,-2.52515172958374,3.375,1,-4.32,-9.952985802199692,0.994,0.981,0
CYP21A2,P08686,V281L,2.15,3.714038,0.4673,-2.005100160538713,0.135467687105442,23.4,0.6694,-3.4881715774536133,0.727,-0.2436540126800537,0.545,0.796,-0.83,-2.009448602795601,0.991,0.878,0.612
CYP21A2,P08686,P30L,16.2,5.283717,0.6269,-11.721650010817278,3.749168504347172,22.1,0.2032,-2.6471810340881348,0.669,-1.399160861968994,2.365,0.648,-1.72,-5.775109534151852,0.863,0.573,0.922
CYP21A2,P08686,P453S,53.5,5.742741,0.2584,-5.772094796867319,3.854080149481098,24.4,0.3698,-8.555444359779358,0.458,-1.757256031036377,2.055,0.936,-5.71,-7.867874556453898,0.999,0.818,0.003
CYP21A2,P08686,T450M,60.5,5.145444,0.237,-6.975048525591301,4.228423373881349,29.9,0.3616,-9.90700078010559,0.575,-1.5764734745025637,2.91,0.883,-2.74,-7.383300483226776,0.999,0.145,0.004
CYP21A2,P08686,S202G,83,0.991295,0.0832,-0.3503591356430466,-0.8161170406879937,0.006,0.7426,-2.337935209274292,0.26,-1.1483650207519531,-0.26,0.002,0.4,-6.158787697553635,0.695,0.004,0.731
CYP21A2,P08686,P267L,92,0.331785,0.1165,-2.1646550414162613,0.5186713448841147,3.625,0.7012,-2.924054980278015,0.154,-1.2237071990966797,0.85,0.016,0.01,-6.066287934780121,0.707,0.042,0.436
CYP21A2,P08686,A15T,98,1.138126,0.1072,-1.4373010864153024,0.7151613342354814,6.369,0.759,-4.947239950299263,0.535,-0.8551394939422607,0.205,0.002,0.22,-4.179006457328796,0.86,0.015,1
CYP21A2,P08686,L12M,99.5,4.635479,0.1852,-4.495835976536269,2.777848353904003,10.91,0.4953,-8.019831120967865,0.489,-1.1608481407165527,0.805,0.963,-0.76,-5.401187188923359,0.943,0.047,0.039
CYP21A2,P08686,A159T,100,0.193562,0.09,-1.6319493519740478,0.3932068790526365,13.98,0.7721,-4.583393573760986,0.254,-0.7679011821746826,0.375,0.038,0.38,-3.815078377723694,0.852,0.162,0.431
CYP24A1,Q07973,E322K,0,7.569464,0.9494,-9.57920580184208,6.841910626229096,39,0.3449,-11.03428554534912,"ND",-2.579019069671631,"ND","ND","ND",-12.198332130908966,0.997,0.97,"ND"
CYP24A1,Q07973,L409S,0,5.473045,0.9024,-10.7813567031632,6.090656864718353,52,0.2467,-10.850143909454346,"ND",-2.6367366313934326,"ND","ND","ND",-12.570317208766935,0.993,0.983,"ND"
CYP24A1,Q07973,R159Q,0,8.164957,0.7397,-10.757007419868666,7.927422887011077,34,0.2572,-10.799419939517977,0.802,-2.6729214191436768,3.285,1,-5.72,-12.024211172458308,0.998,0.941,0.034
CYP2A13,Q16696,R101Q,0,5.725394,0.6839,-8.628203446106454,6.449541769628602,23.8,0.4194,-9.782951474189758,0.281,-1.7028632164001465,3.545,0.991,-3.52,-6.180142067372799,0.997,0.81,0
CYP2A13,Q16696,F453Y,16,6.255987,0.3618,-7.125971225317306,6.150873295771601,28.7,0.4957,-9.451345592737198,0.361,-2.331102132797241,2.63,0.911,-1.97,-10.492505341768265,0.994,0.939,0.001
CYP2A13,Q16696,R494C,36.5,7.039917,0.5841,-1.162926710620198,5.399944330084904,26.9,0.2706,-8.986279785633087,0.482,-1.490203619003296,1.905,0.997,-5.86,-5.49471215903759,0.998,0.53,0
CYP2A13,Q16696,V323L,44,5.098132,0.4562,-4.294885369082231,3.720178187079199,22.4,0.5161,-8.629682123661041,0.362,-1.2865817546844482,2.295,0.063,-2.2,-4.9666331596672535,0.988,0.891,0.002
CYP2A6,P11509,G479V,0,6.156867,0.6058,-6.779142893521194,6.4227128582565856,27.9,0.2957,-7.356056869029999,0.71,-1.3090341091156006,3.165,0.999,-5.9,-4.786171492189169,0.992,0.468,0.001
CYP2A6,P11509,T303I,4,4.061958,0.772,-5.288104152951425,4.895148344680262,23.5,0.4562,-9.310991302132608,0.359,-1.5530705451965332,3.43,0.971,-4.42,-6.299518287181854,0.99,0.976,0.001
CYP2A6,P11509,I268T,4.5,4.048063,0.182,-3.159624777791944,4.24300117844793,27.4,0.4271,-8.092045783996582,0.628,-1.86124324798584,1.975,1,-5.83,-7.772371657192707,0.995,0.972,0
CYP2A6,P11509,R265Q,11.5,3.816093,0.1831,-5.711412410983014,2.153880908130373,33,0.5829,-6.8209967613220215,0.502,-1.051473617553711,2.775,0.909,-6.15,-3.6392829045653343,0.998,0.615,0
CYP2A6,P11509,I471T,15.5,4.211551,0.1692,-6.818132790078026,3.59363947461418,24.3,0.3783,-8.132214963436127,0.521,-1.671534776687622,1.04,0.998,-4.75,-7.713634371757507,0.993,0.873,0.015
CYP2A6,P11509,L462P,17,6.478405,0.5639,-9.147286301827378,4.019363393253006,23.2,0.4393,-9.998652815818788,0.588,-2.023723602294922,1.94,0.729,-5.29,-9.201504707336426,0.994,0.3,0
CYP2A6,P11509,R485L,17.5,2.971507,0.2317,-1.9100611963536784,0.7060528337357852,23.5,0.6539,-2.6089693680405617,0.358,-1.0220332145690918,-0.125,0.01,0.24,-4.901240289211273,0.996,0.05,0.042
CYP2A6,P11509,S224P,22,-0.658034,0.0599,-1.831536749764813,-2.5387289036663385,17.32,0.7236,-2.880877733230591,0.161,-0.0663690567016601,1.3,0.243,-0.69,-1.4908593893051147,0.985,0.079,0.028
CYP2A6,P11509,V68M,26.5,4.307543,0.4094,-6.046928346975971,4.536427284246714,25,0.473,-8.686322808265686,0.429,-1.4772729873657229,2.05,0.999,-2.35,-5.841700054705143,0.992,0.705,0.001
CYP2A6,P11509,Y351H,29,6.921944,0.6268,-4.974701626405298,6.252328451006448,25.9,0.3363,-9.82681292295456,0.616,-2.853339433670044,3.8,0.997,-4.78,-11.420300048775973,0.998,0.973,0
CYP2A6,P11509,V365M,46,2.735968,0.2708,-2.5637195632770093,2.0247174133139456,0.353,0.6927,-5.562949299812317,0.072,-1.8333754539489744,0.035,0.003,0.76,-8.543704225681722,0.134,0.043,1
CYP2A6,P11509,G5R,68,1.703272,0.3291,-4.850794151072423,3.35676111185996,24.4,0.4434,-5.632423996925354,0.412,-0.9636228084564208,2.295,0.995,-1.91,-4.54478245973587,0.99,0.291,0.018
CYP2A6,P11509,R203C,68.5,2.905013,0.2325,-5.683981412292506,1.4154454585862877,0.004,0.5726,-6.646941184997559,0.133,-1.2181260585784912,0.425,0.031,-0.26,-5.823225766420364,0.217,0.041,0.586
CYP2A6,P11509,R203S,74,-0.123448,0.2313,-1.9499476119098167,0.1986077171513156,3.094,0.7484,-1.633608102798462,0.095,-0.662844181060791,1.395,0.017,-2.6,-3.229724913835525,0.805,0.052,0.058
CYP2A6,P11509,K476R,87.5,1.458892,0.0765,-0.1561210565028861,0.0887580668330476,8.618,0.7091,-4.865451842546463,0.274,0.0857412815093994,-0.425,0.069,-1.42,0.4925949573516845,0.881,0.117,0.474
CYP2A6,P11509,M6L,110,-1.064073,0.0771,1.2473128538979912,0.1309781902981437,0.001,0.872,-2.585079610347748,0.1,-0.2810781002044678,0,0.001,-0.04,-1.306722640991211,0.38,0.026,0.346
CYP2A6,P11509,S29N,143.5,0.657983,0.0855,-1.7361146707517787,0.7710100523597586,0.084,0.6576,-3.702859401702881,0.229,-0.4568841457366943,1.59,0.001,-1.68,-2.1496877670288086,0.736,0.003,0.211
CYP2A6,P11509,K194E,227.5,-1.696915,0.0581,0.8477307573525109,-0.1944578575957249,9.679,1.0054,-1.1177356243133545,0.203,-0.1686649322509765,0.015,0,0.12,-1.1439623832702637,0.816,0.086,0.177
CYP2B6,P20813,R140Q,12,2.145309,0.1394,-2.742423644499316,2.105760940637622,20.9,0.6055,-7.33635938167572,0.297,-0.622889518737793,1.66,0.272,-2.45,-2.3770248889923096,0.997,0.051,0.052
CYP2B6,P20813,M198T,20.2,2.544721,0.4733,-2.4600162352026165,2.914440249572979,11.63,0.5218,-5.36814333871007,0.395,-0.9984428882598876,1.32,0.003,-2.73,-4.808674812316895,0.78,0.196,0.003
CYP2B6,P20813,Q172H,64.2,-1.058185,0.32,-1.2407016727233873,-0.2518548407777735,0.001,0.7679,1.4751310348510742,0.07,-0.696058988571167,0.53,0.005,0.18,-3.4402661323547363,0.689,0.011,0.163
CYP2B6,P20813,R29T,84,2.001799,0.1336,-3.428075403385198,1.0227937772571276,19.32,0.6131,-6.211111038923264,0.165,-0.8828473091125488,0,0.03,-2.46,-4.036538004875183,0.953,0.014,0.011
CYP2B6,P20813,Q485L,108,3.124919,0.1949,-5.97916644700803,1.6623412328834848,23.5,0.5421,-7.801969766616821,0.489,-0.4719598293304443,2.035,0.788,-4.38,-1.8775344491004944,0.941,0.921,0.004
CYP2B6,P20813,R22C,129,3.41321,0.1634,-2.794607790569964,1.3084187205568822,17.44,0.6107,-7.5514161586761475,0.13,-0.9826045036315918,0,0.265,-2.41,-4.29868520796299,0.981,0.01,0.001
CYP2B6,P20813,M459V,142,-3.350148,0.0684,-0.0009149064620573,-1.7944993133631089,0.002,0.9762,-1.35280179977417,0.071,0.2860662937164306,-1.54,0,-0.14,1.2127537727355957,0.33,0.011,0.097
CYP2B6,P20813,K262R,223,-4.168093,0.0565,8.33954181963302,-2.7089794100285585,0.001,1.043,1.3927397727966309,0.035,0.5568511486053467,-2.86,0.001,1.88,1.0989122986793518,0.128,0.012,1
CYP2C19,P33261,R442C,0,6.105834,0.3969,-7.058392323222321,4.493992507908041,32,0.3242,-9.581655621528624,0.359,-2.4378981590271,3.93,0.542,-6.64,-10.550883358344436,0.998,0.182,0.004
CYP2C19,P33261,R186P,0,6.987326,0.8004,-9.168896077192652,4.300983485865242,25.3,0.3314,-10.328240185976028,0.831,-2.142474174499512,4.19,0.996,-6.02,-8.603174015879631,0.995,0.823,0.001
CYP2C19,P33261,R335Q,0,3.814372,0.1295,-6.918200066526467,2.3483255640334466,24.2,0.5592,-6.405143141746521,0.298,-1.8249711990356443,1.73,0.529,-3.26,-7.013810555450618,0.999,0.654,0.067
CYP2C19,P33261,R433W,0,6.852649,0.6101,-11.90338661092042,6.499090034975389,32,0.3012,-11.739969372749329,0.854,-2.771285057067871,3.99,0.973,-6.67,-10.78334076097235,0.999,0.763,0.016
CYP2C19,P33261,R132Q,0,5.217761,0.4024,-5.615382076930827,2.8615831040743744,23,0.5751,-8.969168365001678,0.839,-1.101484775543213,3.24,0.37,-3.76,-3.5300034135580063,0.99,0.928,0.004
CYP2C19,P33261,W120R,0,8.377078,0.9629,-6.907596246678728,7.09331261179068,25.7,0.0298,-9.435786306858065,0.827,-2.7602035999298096,4.15,1,-13.6,-11.405298520287031,0.992,0.966,0
CYP2C19,P33261,R124Q,1.5,7.21589,0.5606,-7.223528465568552,5.63246806294285,28.1,0.4308,-8.35850441455841,0.778,-2.4561634063720703,4.2,0.963,-3.68,-9.82673217022966,0.999,0.797,0.01
CYP2C19,P33261,R261W,4.5,5.592184,0.3453,-7.907134499110008,4.2018638777879165,24.9,0.3561,-8.676717519760132,0.254,-2.34613299369812,4.025,0.319,-6.34,-9.921198703348637,0.997,0.773,0.011
CYP2C19,P33261,R125G,8,5.097154,0.5957,-6.6410603583953085,2.7370379744498603,26.6,0.3882,-9.910929441452026,0.803,-1.486870050430298,3.58,0.991,-6.15,-5.578933708369732,0.996,0.167,0
CYP2C19,P33261,I381F,9.5,4.186192,0.4226,-5.377857318049742,5.006405605067123,24.1,0.4638,-7.235474109649658,0.688,-1.493303298950195,3.275,0.994,-3.68,-5.0216767154634,0.985,0.838,0.001
CYP2C19,P33261,I327T,11.5,6.21254,0.3585,-7.119675227940305,6.425072850188731,23.9,0.2767,-9.562819361686708,0.631,-2.63614821434021,3.485,1,-4.51,-11.05279362294823,0.995,0.942,0
CYP2C19,P33261,D341N,18,6.159093,0.675,-6.366018370964467,5.505384164663364,29.2,0.4072,-8.950750946998596,0.286,-2.6914725303649902,3.33,0.993,-4.58,-10.70777369417192,0.999,0.909,0
CYP2C19,P33261,S303N,20.5,5.253259,0.5419,-3.1723333087936645,5.437444898306358,20.1,0.4323,-9.088663578033447,0.257,-1.8915455341339111,2.915,0.354,-2.59,-7.782149016857147,0.977,0.658,0.018
CYP2C19,P33261,M136K,23,4.667092,0.7917,-5.946671160541505,5.079694879609563,26.1,0.3126,-12.543741703033447,0.81,-2.730943202972412,2.995,0.999,-5.77,-12.419620513916016,0.984,0.935,0
CYP2C19,P33261,P227L,25,5.489953,0.2916,-7.6033934773567475,1.1414845770399835,26.1,0.4123,-7.967454254627228,0.656,-2.2625205516815186,2.61,0.992,-8.8,-9.754537228494884,0.996,0.969,0.007
CYP2C19,P33261,H396D,26,4.418307,0.4672,-8.826889559743371,3.91327875232509,22.9,0.2882,-9.756065607070925,0.538,-2.9863085746765137,3.395,0.507,-6.59,-14.075397355481982,0.856,0.096,0.004
CYP2C19,P33261,D360V,26.5,5.739845,0.6538,-8.365585277853622,4.512879940209588,25.5,0.2758,-8.067417740821838,0.566,-0.4259214401245117,2.04,0.978,-7.82,-1.3738117218017578,0.993,0.762,0
CYP2C19,P33261,F448L,31.5,2.584043,0.7979,-5.712850372725447,3.812886292672726,23.1,0.4808,-7.286097049713135,0.486,-0.6830813884735107,1.51,0.256,-3.95,-1.779703676700592,0.992,0.151,0.219
CYP2C19,P33261,T130M,38.5,5.507588,0.1575,-6.487271987441094,4.986881453034602,25.1,0.3785,-7.667467474937439,0.704,-0.800135612487793,3.535,0.999,-5.08,-2.7193682193756104,0.997,0.836,0.001
CYP2C19,P33261,K421Q,41,4.265312,0.2756,-4.1682975324063465,2.8356384945553,23.7,0.5119,-9.271951496601105,0.12,-1.053231716156006,2.53,0.767,-3.5,-3.713903248310089,0.991,0.969,0.003
CYP2C19,P33261,R73C,45,4.725588,0.2176,-6.01132395187028,2.891958830310466,26,0.5192,-10.2747083902359,0.403,-2.337172746658325,2.225,0.015,-1.66,-11.292123818770053,0.998,0.484,0.005
CYP2C19,P33261,H78Y,59.5,0.42708,0.1397,-6.144758313606305,0.8358079207170466,0.002,0.5899,-3.280452474951744,0.074,-0.94252347946167,1.25,0.051,-4.44,-4.50267505645752,0.622,0.011,0.114
CYP2C19,P33261,L17P,60.5,4.852787,0.2338,-8.14397796071398,2.997452112546873,16.72,0.3214,-10.293699741363524,0.573,-2.1183390617370605,2.55,0.12,-5.4,-9.837488561868668,0.974,0.099,0.009
CYP2C19,P33261,N403I,61,5.246714,0.2059,-9.256371437796972,2.9704560995280707,27.1,0.2002,-8.96734070777893,0.387,-1.5254316329956057,3.55,0.98,-7.65,-6.752265274524689,0.992,0.64,0
CYP2C19,P33261,K28I,66.5,4.189212,0.1685,-6.454685385535588,2.062304071911714,9.854,0.387,-7.466781377792358,0.281,-0.7212295532226562,2.675,0.248,-6.35,-2.989258587360382,0.957,0.076,0
CYP2C19,P33261,D188N,68.5,3.20448,0.1286,-3.688758128159081,1.7420664495905327,19.64,0.5403,-6.126120209693909,0.317,-0.8999099731445312,1.83,0.046,-4.29,-3.5752750784158707,0.996,0.763,0.06
CYP2C19,P33261,H99R,74,-1.00008,0.0676,-1.084489670993396,-0.0510848366298775,0.001,0.7308,-2.2424798011779785,0.088,-0.5476510524749756,-0.82,0.002,-0.13,-2.744330033659935,0.673,0.008,0.529
CYP2C19,P33261,I19L,76,-1.253188,0.0581,2.3456222809342093,-0.5355276159431911,0.001,0.9116,-2.4634909629821777,0.031,-0.3561358451843261,-1.32,0,1.39,-2.112625926733017,0.454,0.001,1
CYP2C19,P33261,M271I,81.5,2.442554,0.4025,-2.548924363099459,1.258181888071813,12.74,0.6288,-5.822435140609741,0.171,-0.9259817600250244,0.955,0.033,-2.92,-3.953073859214783,0.877,0.255,0.094
CYP2C19,P33261,N277K,90.5,2.454821,0.1995,-5.41081528715889,1.4121217068311842,8.298,0.5052,-7.187826186418533,0.082,-0.7781341075897217,1.47,0.068,-3.77,-3.2370752692222595,0.839,0.009,0.059
CYP2C19,P33261,N231T,92.5,2.3953,0.1114,-2.95897914556564,1.042068589539397,0.388,0.6043,-5.222776055335999,0.078,-0.4297645092010498,1.03,0.009,-3.49,-1.867842435836792,0.766,0.159,0.179
CYP2C19,P33261,R150H,93.5,1.332423,0.0845,-2.9609852212459447,0.4864561612137653,5.725,0.6473,-3.230571866035461,0.217,-0.6122422218322754,0.87,0.004,-1.43,-2.849156379699707,0.845,0.003,0.505
CYP2C19,P33261,A430V,95.5,3.570848,0.197,-5.276603139277839,2.9724723284782115,23.7,0.5868,-5.703938722610474,0.15,-1.3427066802978516,1.42,0.445,-1.69,-5.766020456328988,0.998,0.791,0.024
CYP2C19,P33261,L16F,98,1.367921,0.0835,-3.0784820974934086,0.9760280531017872,8.293,0.6427,-4.8083555698394775,0.249,-1.0043256282806396,0.865,0.077,-3.19,-4.166013672947884,0.942,0.012,0.349
CYP2C19,P33261,R329H,98,2.133149,0.0782,-3.4813023920131365,0.8979564848232888,9.743,0.7227,-4.738859057426453,0.192,-0.9799962043762208,2.14,0.008,0.67,-4.12464502453804,0.77,0.016,0.339
CYP2C19,P33261,R410C,103,1.122179,0.0815,-2.2597323061708923,0.6109442926210721,24.6,0.7188,-3.5542513728141785,0.141,-1.1940100193023682,0.64,0.001,-0.93,-5.926213383674622,0.888,0.073,0.001
CYP2C19,P33261,P3H,131,2.852889,0.1459,-7.348716523779704,1.648219612712442,18.3,0.4298,-6.490351438522339,0.168,-1.2304816246032717,2.125,0.874,-4.95,-5.811482682824135,0.983,0.036,0.011
CYP2C19,P33261,G91R,150.5,3.049476,0.6262,-7.691124170459733,4.024847782246688,23.3,0.3516,-7.057785868644714,0.269,-0.7516415119171143,2.095,0.991,-6.46,-2.931905686855316,0.998,0.803,0.015
CYP2C8,P10632,E274X,0,"","ND","","",23.6,"","",0.617,"",1.165,0.318,-2.71,"",0.995,0.87,0.032
CYP2C8,P10632,R206K,46.5,0.864236,0.1075,0.4365467600035463,0.1602517588174525,14.18,0.8305,-3.183009624481201,0.37,-0.6152944564819336,1.415,0.067,-3.5,-3.027389496564865,0.865,0.028,0.04
CYP2C8,P10632,R139K,76.5,0.427042,0.1396,-1.3351891821108255,-0.0440150435545018,29.2,0.7251,-3.903339385986328,0.462,-0.3147685527801513,3.085,0.986,-5.05,-1.5487793684005735,0.918,0.276,0
CYP2C8,P10632,K247R,87.5,0.886659,0.1048,-1.7849768060548334,0.5701387603028502,22.6,0.5968,-3.853101938962936,0.514,0.3230988979339599,1.59,0.817,-4.75,1.877878308296204,0.996,0.076,0.005
CYP2C8,P10632,F205S,123,1.615898,0.3709,-2.6391405617189267,2.1301622061224665,16.7,0.4986,-6.253668449819088,0.437,-1.5313074588775637,3.28,0.952,-2.16,-7.007754392921925,0.922,0.039,0.005
CYP2C9,P11712,K138M,0,4.916455,0.6766,-4.663201802024918,3.824844002301197,26,0.3878,-10.231535106897354,0.659,-1.4071731567382812,3.005,0.995,-5.81,-5.240729510784149,0.996,0.788,0
CYP2C9,P11712,R125C,0,5.22977,0.2841,-7.913297825223189,2.312044554733989,29.1,0.4122,-8.985670149326324,0.681,-1.620729684829712,3.87,0.926,-6.73,-6.262399539351463,0.998,0.487,0.006
CYP2C9,P11712,T301K,0,8.175078,0.7405,-8.800388672702054,5.413570252331235,33,0.373,-12.302144050598145,0.86,-3.128279447555542,4.265,0.984,-5.41,-12.73878875374794,0.992,0.945,0
CYP2C9,P11712,R335W,0,6.707961,0.2408,-9.800337653495086,3.79348146324126,27.5,0.3491,-9.503351926803589,0.314,-2.256467342376709,3.955,0.998,-7.2,-9.068399854004385,0.998,0.317,0
CYP2C9,P11712,L90P,0,2.192571,0.6483,-6.726573308577128,1.9544232348522512,0.863,0.5005,-6.063549757003784,0.251,-1.3795595169067385,0.28,0.907,-1.3,-6.822704434394836,0.928,0.052,0.092
CYP2C9,P11712,R125H,0,3.746438,0.1793,-5.141673114670279,1.8034464419826657,24,0.5358,-7.839805722236633,0.478,-1.2297284603118896,2.97,0.619,-4.01,-4.34418235719204,0.999,0.856,0.055
CYP2C9,P11712,T299A,0,3.224502,0.2117,-7.385346730204582,4.868584464905928,23.7,0.4703,-7.13706362247467,0.341,-1.0985662937164309,2.685,0.963,-4.17,-4.083986654877663,0.991,0.851,0.001
CYP2C9,P11712,G70R,0,7.069027,0.8045,-9.50902313831331,6.439590961774661,24.3,0.1907,-8.987496137619019,0.87,-2.9400744438171387,3.985,1,-6.84,-12.52247070078738,0.999,0.961,0
CYP2C9,P11712,P30L,0,6.478559,0.5669,-8.830478832033807,6.012325321184688,25.1,0.3348,-8.280864953994751,0.59,-2.3077096939086914,2.63,0.996,-8.55,-9.350062984391116,0.996,0.823,0.01
CYP2C9,P11712,N41D,0,7.125005,0.6081,-9.963520043051291,4.808799037176893,23.9,0.3674,-11.056815028190613,0.402,-2.0271542072296143,3.28,0.999,-4.45,-8.427820355514996,0.997,0.961,0.001
CYP2C9,P11712,E354K,0,6.582193,0.8268,-8.456564160277962,7.690547123807962,27.6,0.3379,-9.631948113441467,0.967,-3.1397868394851685,3.93,0.999,-3.73,-12.280008013913177,0.999,0.948,0
CYP2C9,P11712,T130R,0,6.553975,0.538,-10.642494337518018,6.74507109103918,26.4,0.291,-11.10908842086792,0.873,-0.870131254196167,3.27,1,-5.46,-3.069819688796997,0.993,0.858,0
CYP2C9,P11712,Q214L,0,4.361483,0.2329,-3.904943523193079,2.180980343363093,23.9,0.4646,-4.780247092247009,0.843,0.1431717872619629,1.98,0.688,-6.46,1.4786157608032229,0.991,0.892,0.005
CYP2C9,P11712,I359L,0,2.169501,0.1487,-7.143750926031405,1.005881318532931,20.4,0.632,-3.977089285850525,0.226,-0.5485451221466064,1.4,0.058,-1.6,-2.4446292370557785,0.957,0.09,0.013
CYP2C9,P11712,I327T,0,6.627564,0.3094,-7.182862086898576,6.469821862248774,24.6,0.2745,-9.314940750598907,0.671,-2.625863790512085,3.355,1,-4.56,-11.000553883612156,0.994,0.948,0
CYP2C9,P11712,R132Q,0,5.317356,0.2906,-5.393627958328543,2.912604578346955,29.2,0.574,-8.396179914474487,0.822,-1.1257259845733645,3.07,0.878,-3.77,-3.6815455555915833,0.999,0.885,0.003
CYP2C9,P11712,R144C,0,4.935851,0.2301,-5.715971375536883,2.9591924760680124,29.1,0.4321,-7.649274259805679,0.648,-1.2632079124450684,2.275,0.995,-6.55,-5.355979532003403,0.998,0.039,0.028
CYP2C9,P11712,I359T,0,4.199543,0.1335,-4.002505972825077,1.5471568370928264,20.8,0.5287,-3.8655169010162354,0.217,-1.101248264312744,1.095,0.829,-3.95,-5.193781897425652,0.989,0.835,0.111
CYP2C9,P11712,D360E,0,5.857089,0.7481,-6.749018015437872,5.317187617694988,23.5,0.3517,-7.0017479956150055,0.177,-0.8757829666137695,3.1,0.623,-3.4,-3.60154390335083,0.989,0.126,0.001
CYP2C9,P11712,R335Q,20,3.814237,0.1232,-7.060640750828081,2.294206459560459,23.8,0.5733,-6.025630712509155,0.166,-1.6921658515930176,1.645,0.529,-3.31,-6.387753911316395,0.999,0.624,0.067
CYP2C9,P11712,E272G,27,4.924976,0.1116,-6.989516887628521,2.8831901229266594,23,0.4366,-7.8952555656433105,0.11,-0.9828205108642578,2.395,0.359,-4.25,-4.08204972743988,0.99,0.261,0.038
CYP2C9,P11712,P489S,32,7.306401,0.2339,-4.5347099100550246,3.8303032298317374,23.5,0.3024,-5.303336381912232,0.393,-1.46203351020813,2.435,0.639,-6.94,-6.061838254332542,0.978,0.529,0.005
CYP2C9,P11712,P382S,32,4.928438,0.3861,-5.391207212398255,4.000257777134883,24.6,0.3639,-6.5728724002838135,0.761,-2.2939705848693848,3.125,0.998,-7.39,-8.556914560263976,0.996,0.943,0
CYP2C9,P11712,R144C,32,4.935851,0.2301,-5.715971375536883,2.9591924760680124,29.1,0.4321,-7.649274259805679,0.648,-1.2632079124450684,2.275,0.995,-6.55,-5.355979532003403,0.998,0.039,0.028
CYP2C9,P11712,R150H,41,1.529815,0.08,-3.222648882576852,0.3735839931929913,7.882,0.661,-3.137781083583832,0.163,-0.6153898239135742,1.085,0.029,-1.52,-2.8773768544197083,0.84,0.008,0.422
CYP2C9,P11712,G332D,45,5.995073,0.4683,-8.289505098911452,6.133999892246076,24.8,0.3399,-8.073422014713287,0.565,-2.6807234287261963,2.745,0.986,-6.41,-10.696296651032752,0.998,0.948,0
CYP2C9,P11712,Q454H,46,5.28156,0.6862,-6.058866975904008,4.965594174557251,23.6,0.457,-7.332306504249573,0.522,-0.3499529361724853,1.955,1,-4.47,0.1766561269760131,0.996,0.746,0
CYP2C9,P11712,V76M,47,4.88886,0.4073,-6.0950165398809295,4.162757107774275,20.5,0.4277,-7.740003347396851,0.258,-2.080712080001831,2.45,0.981,-2.56,-8.701406683772802,0.998,0.681,0.037
CYP2C9,P11712,G417S,49,3.800438,0.1583,-4.462469543714899,4.426843415257525,27.2,0.4192,-8.37443021312356,0.323,-1.7261590957641602,2.61,0.906,-5.34,-6.297168519347906,0.997,0.971,0.003
CYP2C9,P11712,P279T,54,0.304789,0.0695,0.3727001511041266,-0.3474490258831728,1.291,0.796,1.0052187889814377,0.054,-0.2743780612945556,-0.74,0,-0.26,-1.393308162689209,0.409,0.006,0.158
CYP2C9,P11712,R150L,58,1.456193,0.1183,-4.904166513847286,0.832553365709191,8.085,0.6138,-2.5872445106506348,0.389,-0.4468560218811035,1.445,0.03,-2.98,-1.957602322101593,0.84,0.045,0.318
CYP2C9,P11712,H251R,82,2.572487,0.2429,-6.369231047623495,3.6636937738573465,23.8,0.4543,-7.457116723060608,0.186,-0.3456921577453613,2.605,0.745,-7.1,-0.0593166351318359,0.994,0.942,0.001
CYP2C9,P11712,V490F,92,3.859127,0.1443,-4.55923387234397,1.5817261460253254,9.501,0.422,-5.175063133239746,0.273,-0.7295255661010742,1.735,0.367,-3.17,-3.4740114212036133,0.956,0.041,0.001
CYP2D6,P10635,R440H,0,3.123964,0.341,-4.195584325120511,1.7561535933238788,27.9,0.5802,-6.717430830001831,0.491,-1.5587875843048096,3.09,0.988,-5.27,-6.820913162082434,0.997,0.947,0.003
CYP2D6,P10635,V11M,0,3.11383,0.1587,-3.1751532147751744,1.6752937077859962,1.038,0.6351,-6.692846059799194,0.254,-1.1854877471923828,0,0.003,-0.95,-5.557695269584656,0.537,0.02,0.483
CYP2D6,P10635,P34S,0,7.854817,0.7572,-11.174648825303809,7.447589704644381,24.4,0.2156,-10.933967009186745,0.733,-2.132243394851685,4.085,1,-7.39,-8.736066850135103,0.998,0.987,0.001
CYP2D6,P10635,E334A,0,7.484071,0.8055,-10.383848991717969,8.761788282636974,29.5,0.3176,-11.609347343444824,0.878,-2.9081599712371826,4.245,0.998,-6.55,-11.337151558545884,0.999,0.941,0
CYP2D6,P10635,R441C,0,7.507075,0.7712,-11.164717453270802,6.811037490379116,26.1,0.2614,-10.113065540790558,0.916,-2.421248197555542,4.23,0.996,-5.13,-8.929304444231093,0.997,0.93,0.001
CYP2D6,P10635,H324P,0,7.104681,0.6886,-12.90301759851423,5.127980760604261,12.8,0.1449,-11.640754222869871,0.426,-3.9396936893463135,2.54,0.208,-5.93,-18.581567250192165,0.973,0.934,0.012
CYP2D6,P10635,P34S,3,7.854817,0.7572,-11.174648825303809,7.447589704644381,24.4,0.2156,-10.933967009186745,0.733,-2.132243394851685,4.085,1,-7.39,-8.736066850135103,0.998,0.987,0.001
CYP2D6,P10635,G169R,8.5,4.393085,0.4327,-8.138288913833678,4.3905820817117736,35,0.3217,-8.467883110046387,"ND",-1.5303325653076172,"ND","ND","ND",-6.050499713048339,0.98,0.555,"ND"
CYP2D6,P10635,E156A,14,5.920479,0.7946,-10.575215945004672,7.24606022859716,23.9,0.3527,-11.228172779083252,0.575,-1.913355827331543,3.075,1,-5.76,-7.573392175137997,0.999,0.926,0.016
CYP2D6,P10635,K404Q,29,3.326469,0.2696,-4.679781842151211,1.352298524244561,24.4,0.5581,-2.858451128005981,0.559,0.2335367202758789,3.245,0.988,-3.34,1.445387840270996,0.998,0.914,0.024
CYP2D6,P10635,E155K,30,3.476675,0.1257,-4.533881428188543,2.7030238143556176,33,0.596,-8.54748147726059,"ND",-0.7750844955444336,"ND","ND","ND",-2.7458279728889465,0.992,0.296,"ND"
CYP2D6,P10635,I369T,37,4.506567,0.3293,-3.0354069073977348,2.9286665264115883,22.1,0.4944,-5.351904392242432,0.476,-1.561024188995361,1.485,0.393,-0.82,-6.58586585521698,0.997,0.674,0.026
CYP2D6,P10635,R26H,49,3.390737,0.1391,-4.4852523630875964,0.8969862807155555,31,0.5784,-6.48624461889267,0.698,-1.409010410308838,0.55,0.644,-6.06,-6.6430417988449335,0.997,0.047,0.001
CYP2D6,P10635,A90V,75.5,1.733544,0.1472,-2.781787914329821,2.953618894130829,25.8,0.5754,-6.073357343673706,0.888,-0.6230781078338623,4.02,0.996,-3.95,-1.9112130254507065,0.993,0.978,0.002
CYP2D6,P10635,A237S,95,-1.099832,0.1169,-0.663875625350186,0.5133510130842348,0.23,0.6716,-3.4797548204660416,0.378,-0.4516758918762207,1.07,0.178,-1.67,-2.232990264892578,0.772,0.048,0.402
CYP2D6,P10635,A85V,96,2.893876,0.1118,-4.989514058517719,1.122277267704954,0.014,0.6287,-7.153007626533508,0.278,-1.049027681350708,-0.165,0.015,-0.34,-5.12559300661087,0.917,0.01,0.713
CYP2D6,P10635,R28C,100,4.375824,0.1539,-3.3038397840984066,3.648723257694847,24.2,0.393,-7.589451909065247,0.605,-1.1124539375305176,0.345,0.067,-3.27,-4.844998329877853,0.993,0.177,0.022
CYP2D6,P10635,I297L,116,-1.003595,0.1166,0.8469557728635737,-0.0401310157832237,0.001,0.8156,-2.6472036093473434,0.159,-0.6879122257232666,0.55,0.004,-0.32,-3.483200997114181,0.436,0.012,0.293
CYP2J2,P51589,G312R,0,8.282162,0.9201,-10.724528679718624,7.634240206689989,45,0.2765,-12.968105792999268,"ND",-3.670717358589173,"ND","ND","ND",-15.260846763238078,0.995,0.984,"ND"
CYP3A4,P08684,F189S,14.5,7.612164,0.9349,-11.544652933035938,7.416891082771315,26.5,0.095,-11.669381976127625,0.943,-3.414355754852295,3.95,0.934,-6.12,-15.25801482645329,0.993,0.995,0.005
CYP3A4,P08684,P467S,73,3.155488,0.2334,-5.6892738418995386,2.208470164364305,8.579,0.4313,-5.223842442035675,0.112,-1.3479788303375244,1.025,0.02,-3.65,-6.040017187595367,0.15,0.044,0.643
CYP3A4,P08684,M445T,86.5,4.119191,0.6601,-6.2392206162736965,3.4387582832061523,25.1,0.4443,-8.630426526069641,0.878,-1.833726406097412,2.57,0.363,-5.21,-8.009677909314632,0.981,0.973,0.028
CYP3A4,P08684,L293P,100,2.510391,0.2415,-4.196951432831871,1.2238052337641738,10.09,0.5401,-5.303816556930542,0.256,-1.062916278839111,0.955,0.024,-2.3,-5.157665491104126,0.756,0.077,0.549
CYP4A11,Q02928,G130S,0,3.546454,0.6929,-6.151636866192561,3.922905218990784,34,0.45,-8.57654070854187,0.907,-2.134453773498535,2.925,1,-7.96,-9.082088370196288,0.997,0.99,0
CYP4A11,Q02928,P428L,0,7.081527,0.4921,-9.519868259997455,5.533418730228834,29.2,0.268,-9.658331394195557,0.876,-3.2181284427642822,3.875,0.999,-6.35,-13.143573556095362,0.994,0.993,0
CYP4A11,Q02928,W126R,0,7.595484,0.9814,-11.3245926301499,7.325518452362346,22.6,0.0397,-9.905191332101822,0.807,-1.6341395378112793,3.22,0.518,-9.76,-6.800560262054205,0.968,0.988,0.002
CYP4A11,Q02928,F434S,39,-2.727289,0.0683,6.635904778007763,-0.5885921505138331,11.05,0.9524,1.981404721736908,0.268,-0.1082167625427246,1.545,0.617,-0.23,-0.6722767353057861,0.966,0.057,0.101
CYP4A11,Q02928,K276T,39,1.607209,0.1039,-3.110992662401391,0.6170878163531572,0.272,0.6946,-4.785904228687286,0.115,-0.4726924896240234,0.525,0.102,-0.65,-2.1278326511383057,0.959,0.259,0.075
CYP4A11,Q02928,L509F,40,6.048006,0.2018,-5.702613083870308,5.09719470507299,9.444,0.4288,-8.856097936630249,0.181,-1.0286848545074463,0.695,0.162,-0.5,-4.734772741794586,0.967,0.154,0.13
CYP4A11,Q02928,R505H,48,1.190895,0.0751,-0.9912228998690522,0.3683207541978792,8.146,0.8181,-5.601783215999603,0.243,-0.774409294128418,1.6,0.016,-1.86,-3.4111767411231995,0.754,0.05,0.056
CYP4A11,Q02928,S353G,80,1.175959,0.0586,-1.8968358995723995,0.3340847417949314,6.382,0.7752,-4.672958612442017,0.11,-0.6270241737365723,0.44,0.049,-2.14,-2.792197048664093,0.945,0.139,0.258
DPYS,Q14117,G435R,0,7.88083,0.9731,-13.525322536746678,8.062381385091081,35,0.181,-11.804851055145264,0.945,-2.2962000370025635,3.245,1,-7.73,-9.270257334632332,0.996,0.99,0
DPYS,Q14117,L337P,0,4.162677,0.7308,-7.860461218968116,1.9140221744760124,29.2,0.4053,-9.019851446151732,0.933,-1.549135446548462,1.38,0.881,-5.01,-7.148737668991089,0.998,0.985,0.002
DPYS,Q14117,M70T,0,4.701977,0.8835,-7.480244466829751,4.432379882997517,24.2,0.375,-9.92236590385437,0.882,-0.5992534160614014,1.935,0.446,-3.99,-2.4841598868370056,0.986,0.968,0.001
DPYS,Q14117,R302Q,0,6.537266,0.5733,-8.359006494820667,8.286164674073518,35,0.3047,-6.4823954701423645,0.857,-1.1816608905792236,2.625,0.999,-5.25,-3.86232590675354,0.999,0.99,0.001
DPYS,Q14117,R490C,0,6.101325,0.7926,-7.058632965063737,1.955994686484882,32,0.3306,-4.254850625991821,0.869,-1.1821882724761963,2.7,0.612,-5.26,-5.417539566755295,0.998,0.928,0
DPYS,Q14117,W360R,0,9.223636,0.9979,-11.131149767451705,6.088934074593364,32,0.0172,-12.516872107982635,0.94,-2.7793867588043213,3.63,1,-12.78,-13.033031167462468,0.98,0.991,0
DPYS,Q14117,V364M,6.5,6.375491,0.7125,-10.940149613823149,6.3904413644064535,35,0.4317,-11.23690140247345,0.855,-2.4183993339538574,2.94,0.999,-2.92,-9.92845710925758,0.998,0.988,0.003
DPYS,Q14117,Q334R,13.5,5.864772,0.772,-8.488708488322656,5.1037501904586335,29.2,0.4096,-10.064367294311523,0.923,-0.8810019493103027,3.36,0.999,-5.95,-3.019649624824524,0.996,0.987,0
DPYS,Q14117,T343A,32,3.217194,0.1444,-7.021947352812804,1.642918166437628,29.7,0.5768,-7.933929681777954,0.897,-1.1043508052825928,2.87,0.9,-4.53,-4.767844274640083,0.997,0.987,0.002
DPYS,Q14117,R412M,34.5,5.91811,0.7754,-5.491759953272553,2.5714648772242947,24.8,0.4199,-9.07357668876648,0.688,-1.2133872509002686,0.95,0.912,-1.06,-5.497607305645943,0.945,0.987,0.815
DPYS,Q14117,R6Q,129,3.588264,0.15,-4.513127073737618,2.8461370256226,23.3,0.5243,-5.50506204366684,0.421,-1.3604776859283447,1.85,0.004,-4.85,-6.396487131714821,0.986,0.604,0.016
FMO3,P31513,M66I,0,2.917898,0.8208,-3.9737876428712537,3.093817466838462,6.42,0.4796,-7.97455233335495,0.954,-1.1907987594604492,1.86,0.998,-3.61,-5.337375044822693,0.998,0.983,0.03
FMO3,P31513,R492W,0,7.33017,0.6644,-9.779160945158148,5.7845652191611165,5.673,0.2851,-10.316924095153809,0.968,-1.04236102104187,3.69,1,-6.75,-4.536373935639858,0.999,0.687,0
FMO3,P31513,N61S,2.5,6.079975,0.4431,-5.94942955712831,4.648451059771126,4.93,0.3853,-8.46819806098938,0.214,-0.7280621528625488,3.925,1,-4.65,-1.887866735458374,0.999,0.978,0
FMO3,P31513,P153L,8.5,5.523784,0.5724,-8.649359612121467,4.084229585374101,5.761,0.296,-10.229499578475952,0.964,-1.9863767623901367,4.345,0.998,-7.94,-7.623184209689498,0.998,0.996,0.001
FMO3,P31513,V257M,100.5,2.641145,0.0767,0.8313169135683283,0.2442677971223944,0.195,0.7383,-4.164222955703735,0.108,-0.7766969203948975,0.365,0.043,0.03,-3.828298389911652,0.872,0.017,0.075
FMO3,P31513,E308G,112,3.192248,0.0982,-6.489047195182554,0.6338122510531792,4.219,0.521,-9.706371873617172,0.244,-0.5893030166625977,1.425,1,-5.55,-3.106888175010681,0.998,0.807,0.199
FMO3,P31513,E158K,140,0.68032,0.0917,-1.925311259814301,0.171772678867858,2.855,0.685,-5.182787835597992,0.282,-0.591545581817627,1.385,0.481,-1.48,-2.899692088365555,0.987,0.323,0.562
GSTP1,P09211,I105V,271,-1.057735,0.14,0.6518674951341904,-0.1911518098573017,-2.678,0.7795,-2.3496224880218506,0.018,-0.5896100997924805,-0.67,0,0.29,-3.2209461331367493,0.324,0.009,1
HNMT,P50135,T105I,127.5,5.599074,0.1935,-5.785329954730228,3.417295415931196,6.125,0.4502,-6.312945127487183,0.396,-1.4897730350494385,2.125,0.729,-2.45,-6.096207559108734,0.998,0.911,0.004
NAT1,P18440,R64W,0,6.19557,0.4225,-9.673902210840255,7.68972599332666,26.4,0.2342,-10.49011254310608,0.77,-1.95923924446106,3.975,1,-7.88,-6.28617000579834,0.998,0.282,0
NAT1,P18440,D251V,0,5.093278,0.8538,-12.023441115260743,2.6561182917432045,24.1,0.3666,-3.852900974452496,0.681,-1.4417874813079834,2.645,1,-6.58,-6.68615198880434,0.988,0.959,0.039
NAT1,P18440,R187Q,5,2.638062,0.1256,-0.1109961760813961,1.22007723781783,21.3,0.5855,-4.469031900167465,0.097,-0.7470202445983887,1.1,0.595,-1.52,-3.3508507311344147,0.995,0.021,0.365
NAT1,P18440,M205V,100,-1.681753,0.08,-1.243440237677165,1.7623971833381338,0.006,0.738,-4.427989065647125,0.04,-0.5118529796600342,0.245,0.004,-0.58,-1.9147157669067385,0.357,0.005,1
NAT1,P18440,E261K,100,2.830571,0.0893,-1.9462890206344836,1.4885996732646911,21.9,0.5748,-5.134565860033035,0.372,-0.636859655380249,2.345,0.06,-3.1,-2.40413099527359,0.994,0.883,0.106
NAT1,P18440,I263V,100,-0.112257,0.0752,1.435647386063838,0.6741675797715111,0.011,0.7204,-4.1823570728302,0.143,-0.600468635559082,0.16,0.01,-0.34,-2.9702621400356293,0.378,0.012,0.652
NAT2,P11245,D122N,0,8.426504,0.512,-7.647261875738127,9.623290680648042,5.539,0.2797,-10.204938650131226,0.341,-2.54390549659729,3.61,1,-4.75,-10.322701643104663,0.999,0.965,0
NAT2,P11245,Q145P,0,6.745471,0.6352,-13.014956561584642,7.482712232070669,4.003,0.2315,-10.617875099182127,0.67,-0.995673894882202,3.405,1,-5.6,-3.748210787773132,0.994,0.968,0.002
NAT2,P11245,R64W,0,6.177881,0.2054,-9.312397206268145,7.138818044491149,5.693,0.2224,-9.430090427398682,0.502,-2.1004464626312256,3.625,1,-7.88,-6.989334419369698,0.998,0.078,0.005
NAT2,P11245,L137F,3,4.454418,0.2072,-7.5061419117397055,4.526940313000134,3.911,0.4976,-5.469455242156982,0.52,-1.5719101428985596,2.5,0.999,-3.75,-6.340702164918184,0.998,0.058,0.007
NAT2,P11245,R197Q,13.5,2.869103,0.1004,-1.5752789416868234,2.7986966809630798,5.197,0.5282,-7.619586229324341,0.503,-0.7370178699493408,2.33,1,-2.84,-2.656317710876465,0.999,0.376,0.056
NAT2,P11245,I114T,22,4.123671,0.0865,-6.731574075863806,4.460930624153415,2.851,0.4205,-8.343126654624939,0.257,-1.4497265815734863,1.61,0.37,-4.18,-6.514504671096802,0.99,0.743,0.048
NAT2,P11245,R64Q,32.5,3.509194,0.1193,-7.433708368214719,5.794390396657549,5.015,0.4212,-5.278405427932739,0.06,-1.472494125366211,3.625,1,-3.93,-3.8872717171907434,0.998,0.659,0.009
NAT2,P11245,G286E,63.5,0.821799,0.0809,0.0003392206853934,1.3468749946245266,-1.678,0.6125,-3.03608962893486,0.199,-1.2503087520599363,1.24,0.317,1.37,-6.160272717475891,0.288,0.008,0.504
NAT2,P11245,E167K,68,1.548725,0.075,-1.9781199308958175,-0.9630255538900646,0.241,0.7168,-4.218454591929913,0.206,-0.2358229160308838,0.535,0.001,0.48,-1.4182007312774658,0.11,0.299,1
NAT2,P11245,K282T,71.5,4.832847,0.167,-1.4559983930726288,2.611269725366728,4.099,0.48,-4.336286395788193,0.314,-0.7123258113861084,2.855,1,-2.76,-3.200517416000366,0.996,0.192,0.009
NR1I2,O75469,T408A,23,1.285522,0.1295,-0.1753665015828522,2.070310855056966,24.1,0.6124,-3.401710033416748,0.372,-0.6273186206817627,0.505,0.76,-1.74,-3.149850010871887,0.998,0.905,0.034
NR1I2,O75469,T290A,35,3.731311,0.09,-0.2770464692427626,2.524100217832084,22.8,0.5208,-6.476653814315796,0.428,-0.6375274658203125,2.395,0.517,-2.4,-3.039012968540192,0.998,0.829,0.198
NR1I2,O75469,S274A,70,0.053694,0.0892,1.2183884546565702,0.995868988091642,10.64,0.6716,-3.89711058139801,0.117,-0.4516537189483642,0.09,0.378,-1.62,-2.292411834001541,0.966,0.308,0.631
NR1I2,O75469,T135A,75,1.124263,0.0649,0.3171583539904534,0.2416941441239992,0.002,0.752,-3.198139324784279,0.028,-0.3656375408172607,0,0.001,-0.2,-1.7293728590011597,0.334,0.031,0.774
NR1I2,O75469,T90A,75,3.822959,0.534,-3.194300964197068,3.314894808834182,24.7,0.4774,-5.005649209022522,0.369,-1.2685730457305908,1.33,0.926,-1.71,-5.587293386459351,0.998,0.892,0.033
NR1I2,O75469,S305A,83,1.883757,0.0781,-1.0069251379827322,1.5419532990920255,12.98,0.6457,-4.548507779836655,0.145,-0.7309823036193848,0.61,0.03,-0.68,-3.62478506565094,0.97,0.809,0.442
NR1I2,O75469,T20A,89,1.048744,0.0581,0.1044672681934615,-0.0322398783815445,0.001,0.8715,-3.2795985341072083,0.029,-0.6057579517364502,0,0.001,-0.18,-2.9946459531784058,0.155,0.003,1
NR1I2,O75469,S208A,100,2.289866,0.0776,-0.6972907683042366,1.9348251443117075,0.002,0.6328,-3.742911040782929,0.105,-0.599534273147583,1.995,0.024,-0.9,-2.8161081671714783,0.853,0.044,0.448
NR1I3,Q14994,H250R,20,5.301155,0.7963,-6.704805696693871,7.970363875076118,25.7,0.283,-7.501623064279556,0.951,-2.4860353469848637,2.65,0.996,-6.26,-12.238362938165665,0.98,0.866,0.008
NR1I3,Q14994,N327S,100,2.209886,0.0794,-1.7326691558518863,2.1502315402536403,16.18,0.5639,-2.8816075325012207,0.36,-0.4865114688873291,1.845,0.685,-2.62,-2.1505709886550903,0.948,0.464,0.086
PNMT,P11086,N9S,99,-0.453887,0.0531,2.280867727289545,-0.0023534227732703,-0.896,0.8412,-0.4020419716835022,0.01,-0.0323426723480224,0,0,0.02,-0.1567373275756836,0.547,0.094,0.473
PNMT,P11086,A175T,113,3.513122,0.1244,-5.540497000804463,5.310239161043103,2.927,0.4154,-8.025060415267944,0.149,-1.2927181720733645,1.965,0.042,-2.9,-4.623690009117127,0.994,0.958,0.036
PNMT,P11086,R112C,152.5,3.389127,0.0806,-4.252458973349234,2.8330490892115026,6.447,0.4042,-7.3319926261901855,0.255,-1.199737787246704,1.04,0.989,-4.49,-5.165838748216629,0.998,0.255,0.012
SLC10A2,Q12908,C144Y,23,5.373981,0.9281,-4.222639355532493,4.975432258506523,6.792,0.2392,-9.023954033851624,0.954,-1.239337921142578,2.31,0.969,-8.99,-5.851253747940064,0.993,0.997,0.007
SLC10A2,Q12908,V159I,50,1.534355,0.0749,-1.0864276965472366,0.3908184689112606,0.319,0.7423,-4.782040476799011,0.133,-0.6112611293792725,0.895,0.001,-1.17,-2.8423335552215576,0.798,0.192,0.145
SLC10A2,Q12908,V98I,55,1.371857,0.0895,-3.403133889447263,1.0436372902039042,2.649,0.6783,-4.95178484916687,0.588,-0.6968333721160889,1.05,0.04,-1.42,-2.8593041598796844,0.986,0.894,0.429
SLC10A2,Q12908,S171A,95,-0.14486,0.0463,-1.1594226358693782,0.3927100502237647,0.246,0.8706,-2.959713697433472,0.208,-0.1714887619018554,0.46,0.001,-0.33,-0.7727354764938354,0.418,0.535,0.46
SLC22A12,Q96S37,R434C,6,5.701898,0.2257,-5.26990474547645,4.099970735357389,3.154,0.4102,-7.492954611778259,0.833,-1.7511358261108398,2.55,0.731,-5.66,-7.750202096998692,0.996,0.825,0.051
SLC22A12,Q96S37,I75T,28,3.524801,0.5011,-4.228932172691771,3.0135014259113166,0.859,0.4278,-6.927995324134827,0.69,-1.1460893154144287,1.895,0.983,-2.94,-5.436267748475075,0.932,0.037,0.04
SLC22A12,Q96S37,R347S,47,4.090437,0.3611,-7.167791515053044,3.99726464746592,4.225,0.4888,-7.863273233175278,0.797,-1.3289730548858645,3.265,1,-4.35,-4.701672200113535,0.994,0.687,0.124
SLC22A12,Q96S37,R434H,50,5.511862,0.189,-2.676571312478645,4.121310076761764,4.119,0.4368,-7.58365786075592,0.565,-1.3448634147644043,3.445,1,-3.91,-5.727765001356602,0.998,0.927,0.039
SLC22A2,O15244,T201M,59,2.347562,0.0963,-2.842208221730227,1.5124005508163774,4.006,0.5628,-6.019242644309998,0.475,-0.9024696350097656,2.3,0.853,-2.2,-4.172172367572784,0.987,0.334,0.071
SLC22A2,O15244,T199I,61,4.035883,0.3309,-4.9626640279731,1.4837831456002244,-0.62,0.4783,-6.794924736022949,0.057,-1.295003890991211,-1.415,0,3.54,-6.171376407146454,0.162,0.369,1
SLC22A2,O15244,S270A,67.5,0.974999,"ND",-1.681956429088943,3.4985385048567763,-2.855,0.6423,-4.2214062213897705,0.12,-0.641995906829834,0.45,0.001,1.01,-2.444783255457878,0.088,0.061,1
SLC28A3,Q9HAS3,C602R,25,6.725028,0.9652,-11.326279268910588,6.978609645192335,2.949,-0.182,-12.23816990852356,0.882,-1.5036242008209229,2.585,0.319,-5.26,-6.937912344932556,0.962,0.987,0.31
SLC2A9,Q9NRM0,A17T,60,"","ND","","",0.206,"","",0.008,"",0.895,0,-0.5,"",0.531,0.016,0.584
SLC2A9,Q9NRM0,G25R,70,0.408979,0.0962,-0.8861856230106653,0.8219956328311231,1.813,0.6714,-4.451072540134192,0.06,-0.5540695190429688,0,0.013,-0.02,-2.746081441640854,0.922,0.066,0
SLC2A9,Q9NRM0,V282I,85,0.895399,0.1688,-6.068430773660689,2.4478706726410824,1.117,0.6401,-6.14290189743042,0.027,-1.0223956108093262,1.56,0.693,-0.47,-4.141314554959536,0.955,0.885,0.191
SLC2A9,Q9NRM0,R294H,100,2.960069,0.0924,-3.6582333775377593,1.015908435542925,3.24,0.6143,-8.62808708101511,0.07,-1.0546672344207764,2.395,1,-3.01,-4.824222952127457,0.999,0.176,0.013
SLC2A9,Q9NRM0,T275M,105,2.142235,0.0873,-2.04195342892954,1.768486265366452,1.529,0.5355,-8.240084819495678,0.167,-0.72794508934021,1.83,0.35,-1.53,-3.531430721282959,0.969,0.698,0.172
SLC2A9,Q9NRM0,V169M,110,2.342124,0.1053,-2.65560095138912,1.6592835376209765,2.172,0.6519,-7.443117618560791,0.333,-1.217562198638916,2.425,0.975,-1.15,-5.488390177488327,0.986,0.07,0.014
SLC2A9,Q9NRM0,D281H,110,5.563148,0.3818,-7.458097606537513,1.8632452584351924,4.439,0.4481,-9.806141197681429,0.354,-1.7444565296173096,3.165,1,-4.69,-7.417682141065597,0.992,0.979,0.039
SLC2A9,Q9NRM0,P350L,110,1.304952,0.0717,-2.3877137424536534,0.512214055333888,0.985,0.5165,-6.575870215892792,0.088,-0.7461268901824951,1.33,0.064,-2.41,-3.5372257828712463,0.683,0.038,0.339
SLC47A1,Q96FL8,V338I,36.5,1.553272,0.0852,-2.362248161085943,3.149795110355759,0.869,0.6078,-5.602775812149048,0.224,-0.8371436595916748,1.495,0.606,-0.64,-2.767104208469391,0.946,0.036,0.219
SLC47A1,Q96FL8,C497F,99,1.656849,0.072,-0.2698385096587108,0.4367927424870906,-0.376,0.5666,-3.521730661392212,0.224,-0.7559890747070312,1.245,0.277,-1.39,-3.7050063610076895,0.719,0.037,0.336
SLC47A2,Q86VL8,P162L,26,3.130304,0.5158,-6.240195194898109,3.745830185055094,3.77,0.4492,-5.637423276901245,0.756,-1.5695922374725342,3.9,1,-7.66,-6.88036678917706,0.958,0.898,0.001
SLC47A2,Q86VL8,V261I,89,-1.36832,0.0706,-0.8213536523714338,-0.0582810094922343,1.319,0.8064,-4.06030011177063,0.387,-0.581730842590332,0.46,0.953,-2.47,-3.141733735799789,0.985,0.049,0.497
SLCO1B1,Q9Y6L6,V174A,29,8.23397,0.6134,-5.826696500916549,5.952867855262048,22.9,0.3041,-7.069652199745178,0.192,-1.3038556575775146,3.35,0.996,-3.87,-5.621179923415184,0.983,0.981,0.001
SLCO1B1,Q9Y6L6,N130D,86,0.965732,0.0673,-0.071558173042961,0.6246231907344649,0.001,0.6899,-4.637828230857849,0.032,-0.5108284950256348,-0.145,0.002,-2.33,-2.303639769554138,0.576,0.018,0.781
TPMT,P51580,M1V,0,1.496787,0.0762,-3.481851918891652,0.,23.9,0.5406,-7.012871325016022,0.894,-1.39894437789917,"ND",0.421,-1.09,-6.912016685120761,0.859,0.903,0
TPMT,P51580,G71R,0,8.935977,0.7043,-9.873314819869698,6.76963232518109,39,0.1483,-11.88635864853859,"ND",-3.223671793937683,"ND","ND","ND",-12.572220686546643,0.994,0.956,"ND"
TPMT,P51580,A154T,0,5.491115,0.5682,-5.834258258100245,7.291326466841309,13.78,0.3052,-7.432822346687317,0.208,-1.0644876956939695,1.99,0.262,-1.18,-3.04219351708889,0.961,0.313,0.567
TPMT,P51580,L49S,0,7.150161,0.9257,-12.428735027163082,8.499210612704976,37,0.1068,-10.771697402000427,"ND",-3.0400538444519043,"ND","ND","ND",-12.206419311463833,0.984,0.957,"ND"
TPMT,P51580,C132Y,3,5.204308,0.5171,-7.429491544101738,4.121903633827671,25.8,0.2076,-7.631370723247528,0.939,-1.7207434177398682,3.295,0.932,-5.73,-7.542882524430752,0.979,0.963,0.319
TPMT,P51580,G36S,9,1.719605,0.2052,-2.528599020906286,1.687062137316626,23.5,0.6556,-5.083410628139973,0.258,-1.235926389694214,2.41,0.937,-4.01,-5.103759855031967,0.994,0.029,0.039
TPMT,P51580,R163H,16,5.391531,0.3697,-4.876896260670496,5.114570877096313,34,0.451,-8.997097313404083,0.841,-2.3995120525360107,3.575,0.997,-5.13,-8.93945987848565,0.998,0.416,0.003
TPMT,P51580,K238E,26,2.029647,0.099,-3.4794858474035384,1.5775814500633325,19.56,0.5489,-3.8904059529304496,0.143,-0.4778454303741455,1.645,0.42,-1.31,-2.2354323863983154,0.982,0.688,0.14
TPMT,P51580,Y240C,52,4.783465,0.4277,-7.911205993921281,4.464034939704519,26.4,0.1934,-7.267965912818909,0.955,-2.256279706954956,3.235,1,-4.7,-10.111882794648407,0.992,0.956,0.033
TPMT,P51580,S125L,53,4.292008,0.1123,-2.712277689062691,2.0852123353599725,42,0.4744,-5.995993733406067,"ND",-0.7748498916625977,"ND","ND","ND",-3.3786906599998474,0.996,0.912,"ND"
TPMT,P51580,K122T,59,4.241196,0.2254,-2.262274317166829,1.6297993526130263,15.7,0.4392,-9.290347188711166,0.289,-0.3018999099731445,1.36,0.75,-1.16,-1.084345459938049,0.995,0.974,0.046
TPMT,P51580,K119T,73,3.068948,0.1992,-4.999687225555626,1.6591433581219093,24.8,0.4678,-7.766968369483948,0.31,-0.7266983985900879,2.125,0.981,-2.14,-2.963634133338928,0.999,0.967,0.009
TPMT,P51580,R215H,113,0.958906,0.0719,-0.0094756392502574,0.6437381321313016,13.42,0.8051,-3.590693384408951,0.072,-0.5720391273498535,1.545,0.002,-1.59,-2.7453631162643437,0.919,0.022,0.115
UGT1A10,Q9HAW8,T202I,48.5,4.77249,0.6518,-6.63463751561599,2.8921926389618613,5.109,0.3732,-10.276301741600037,0.588,-1.507599115371704,3.2,0.74,-4.64,-6.307321116328239,0.998,0.134,0.017
UGT1A10,Q9HAW8,M59I,109.5,0.71469,0.2437,0.105806188540734,-0.957108229538388,-1.122,0.7418,-2.6493282318115234,0.157,-0.7084693908691406,-1.165,0,-0.03,-3.613252580165863,0.719,0.029,1
UGT1A4,P22310,L48V,29.5,-0.362134,0.0707,-3.995178304652676,0.6213233083936767,-2.527,0.7526,-2.376236915588379,0.162,-0.8607258796691895,-0.725,0,1.21,-4.019824303686619,0.56,0.003,0.959
UGT1A4,P22310,P24T,47,1.26167,0.0841,-2.3465785526493312,0.2695264558199705,-0.791,0.682,-6.738415956497192,0.101,-1.2920079231262207,1.54,0.124,-0.67,-6.336565274745226,0.741,0.203,0.39
UGT1A8,Q9HAW9,C277Y,24,7.10708,0.9105,-9.322725338462796,5.665433204956151,4.475,0.1591,-9.891907334327698,0.332,-2.327601194381714,3.58,1,-10.14,-10.201832317587105,0.986,0.977,0
UGT1A8,Q9HAW9,A173G,87,-0.046327,0.1393,-3.4630468012371627,-0.0958485713875438,0.491,0.7477,-3.9745904207229614,0.06,-0.6845698356628418,-0.215,0.044,-1.18,-3.3679544925689697,0.843,0.079,0.102
UGT1A9,O60656,M33T,14,3.080535,0.2024,-2.1238470236688136,0.5016671868846643,0.757,0.4909,-9.48375815153122,0.14,-0.821871280670166,1.245,0.096,-2.72,-3.8374564945697776,0.805,0.762,0.696
UGT1A9,O60656,M33T,50.5,3.080535,0.2024,-2.1238470236688136,0.5016671868846643,0.757,0.4909,-9.48375815153122,0.14,-0.821871280670166,1.245,0.096,-2.72,-3.8374564945697776,0.805,0.762,0.696
UGT1A9,O60656,C3Y,100,1.176534,0.0852,-1.5109030653898623,0.2420736806109897,-0.827,0.6794,-4.616775989532471,0.096,-0.7960965633392334,0.805,0.004,-0.14,-3.966233849525452,0.336,0.03,0.638
UGT1A9,O60656,V167A,139,1.62729,0.2171,-1.6460300766679332,0.826893748001523,0.182,0.5383,-7.234074652194977,0.301,-1.892263412475586,0.81,0.349,-1.66,-9.357043154537678,0.956,0.077,0.014
UGT1A9,O60656,C183G,162.5,5.421242,0.3418,-7.574302794200845,4.231858191217789,2.342,0.2601,-7.744086027145386,0.4,-1.4765291213989258,3.225,0.873,-9.45,-6.715474963188171,0.972,0.472,0.001
XDH,P47989,R149C,0,8.775938,0.9614,-10.330729770836683,7.567409556960502,34,0.2263,-12.182498455047607,0.984,-2.4418981075286865,4.72,1,-5.46,-10.228486841049744,0.998,0.941,0
XDH,P47989,T910K,0,7.990651,0.9659,-10.917954432111737,7.399885229002208,27.6,0.2436,-13.12102460861206,0.948,-2.0049145221710205,4.07,0.996,-5.58,-8.935503501445055,0.999,0.991,0
XDH,P47989,P555S,36,1.134327,0.1008,-0.669338849868069,-0.0463167420258588,1.2,0.5787,-2.535648822784424,0.311,-0.6129841804504395,2.195,0.05,-2.81,-3.190711498260498,0.846,0.685,0.152
XDH,P47989,T623I,39,0.548028,0.0768,0.0349122870835,1.0029237345454471,0.208,0.6288,-3.176862955093384,0.296,-0.6789498329162598,2.36,0.213,-2.1,-3.085898905992508,0.551,0.15,0.275
XDH,P47989,R607Q,43,1.632845,0.0973,-1.9595164677357724,1.3648754695629577,26.5,0.6208,-2.933252289891243,0.6,-0.5149135589599609,1.88,0.089,-1.06,-2.4831074476242065,0.997,0.906,0.026
XDH,P47989,C1318Y,65,1.330016,0.2467,-1.1941039788843637,2.385449842997556,23.3,0.4287,-3.246777176856994,0.723,-0.741863489151001,0.245,0.001,0.37,-3.676955461502075,0.94,0.955,0.192
XDH,P47989,I703V,118,2.660044,0.0778,-3.848164178709606,1.968439684439865,23.2,0.6538,-4.498612403869629,0.383,-0.7857546806335449,1.125,0.092,-1.89,-3.491035096347332,0.984,0.863,0.124
XDH,P47989,H1221R,155,-0.708352,0.0901,-0.4137972431508346,-0.2899632813228979,22.9,0.7481,-1.3622906804084778,0.52,-1.0196733474731443,0.695,0.173,-3.28,-5.229084491729736,0.973,0.905,0.006
